{
  "test_session": {
    "accuracy_total": 1.0,
    "mean_rt": 0.0,
    "rt_variance": 0.0,
    "switch_cost": 0.0,
    "fatigue_trend": 0.0,
    "answered_rate": 0.0,
    "active_batches": 0,
    "idle_batches": 1,
    "level_gain": 0,
    "mode": "baseline"
  },
  "s1771434254_lera": {
    "accuracy_total": 0.9,
    "mean_rt": 1844.4,
    "rt_variance": 1362243.84,
    "switch_cost": 853.0,
    "fatigue_trend": -205.05454545454546,
    "answered_rate": 1.0,
    "active_batches": 1,
    "idle_batches": 0,
    "level_gain": 0,
    "mode": "baseline"
  },
  "s1772362458_lera": {
    "accuracy_total": 0.7352941176470589,
    "mean_rt": 1758.0588235294117,
    "rt_variance": 947667.23183391,
    "switch_cost": 43.06666666666683,
    "fatigue_trend": -13.898854087089381,
    "answered_rate": 0.9117647058823529,
    "active_batches": 4,
    "idle_batches": 0,
    "level_gain": 1,
    "mode": "baseline"
  },
  "s1772362839_lera": {
    "accuracy_total": 0.0,
    "mean_rt": 5610.0,
    "rt_variance": 0.0,
    "switch_cost": 0.0,
    "fatigue_trend": 0.0,
    "answered_rate": 0.0,
    "active_batches": 0,
    "idle_batches": 1,
    "level_gain": 0,
    "mode": "baseline"
  },
  "s1772364516_lera": {
    "accuracy_total": 0.54,
    "mean_rt": 2975.44,
    "rt_variance": 2876606.8863999997,
    "switch_cost": 1190.7857142857142,
    "fatigue_trend": 86.75466986794719,
    "answered_rate": 0.6,
    "active_batches": 4,
    "idle_batches": 1,
    "level_gain": 2,
    "mode": "baseline"
  },
  "s1772364857_lera": {
    "accuracy_total": 0.8043478260869565,
    "mean_rt": 2120.3565217391306,
    "rt_variance": 6478009.698979206,
    "switch_cost": 210.926923076923,
    "fatigue_trend": -1.2237755788923437,
    "answered_rate": 0.9260869565217391,
    "active_batches": 23,
    "idle_batches": 0,
    "level_gain": 9,
    "mode": "baseline"
  },
  "s1772382949_valya": {
    "accuracy_total": 0.7446808510638298,
    "mean_rt": 1448.1063829787233,
    "rt_variance": 528610.64825713,
    "switch_cost": -24.25,
    "fatigue_trend": 12.667900092506938,
    "answered_rate": 0.9787234042553191,
    "active_batches": 5,
    "idle_batches": 0,
    "level_gain": 1,
    "mode": "baseline"
  },
  "s1772461629_sasha": {
    "accuracy_total": 0.8148148148148148,
    "mean_rt": 2961.8796296296296,
    "rt_variance": 8420834.754029494,
    "switch_cost": -218.4545454545455,
    "fatigue_trend": 7.984466546628941,
    "answered_rate": 0.9351851851851852,
    "active_batches": 11,
    "idle_batches": 0,
    "level_gain": 5,
    "mode": "baseline"
  }
}