{
  "state_dim": 12,
  "action_dim": 18,
  "action_space": "tempo3_task_offsets_v1",
  "task_heads": [
    "compare_codes",
    "sequence_memory",
    "rule_switch",
    "parity_check",
    "radar_scan"
  ],
  "transitions": 773,
  "epochs": 60,
  "batch_size": 64,
  "lr": 0.0003,
  "gamma": 0.97,
  "mode_filter": "baseline",
  "data_path": "/Users/leranikitina/PycharmProjects/neurogame/training/data/adaptations.jsonl",
  "algo": "offline_cql_q_learning",
  "cql_alpha": 1.0,
  "target_tau": 0.02,
  "train_transitions": 773,
  "val_transitions": 199,
  "selection_metric": "val_total",
  "best_metric": 0.08222538232803345,
  "state_mean": [
    0.8706339001655579,
    2348.73779296875,
    1306.7396240234375,
    0.16946959495544434,
    302.76336669921875,
    -101.87054443359375,
    7.146183490753174,
    3.4557111263275146,
    1.4024628400802612,
    1.0,
    0.24000002443790436,
    0.20000003278255463
  ],
  "state_std": [
    0.1647046059370041,
    2900.98193359375,
    7450.158203125,
    0.6793950200080872,
    8437.369140625,
    1670.99951171875,
    3.4503467082977295,
    0.26784658432006836,
    0.0391862578690052,
    1.0,
    1.0,
    1.0
  ]
}